name,item
type1_0,macbook
type2_1,book
type3_2,iphone
type1_3,macbook
type2_4,book
type3_5,iphone
type1_6,macbook
type2_7,book
type3_8,iphone
type1_9,macbook
type2_10,book
type3_11,iphone
type1_12,macbook
type2_13,book
type3_14,iphone
type1_15,macbook
type2_16,book
type3_17,iphone
type1_18,macbook
type2_19,book
type3_20,iphone
type1_21,macbook
type2_22,book
type3_23,iphone
type1_24,macbook
type2_25,book
type3_26,iphone
type1_27,macbook
type2_28,book
type3_29,iphone
type1_30,macbook
type2_31,book
type3_32,iphone
type1_33,macbook
type2_34,book
type3_35,iphone
type1_36,macbook
type2_37,book
type3_38,iphone
type1_39,macbook
type2_40,book
type3_41,iphone
type1_42,macbook
type2_43,book
type3_44,iphone
type1_45,macbook
type2_46,book
type3_47,iphone
type1_48,macbook
type2_49,book
type3_50,iphone
type1_51,macbook
type2_52,book
type3_53,iphone
type1_54,macbook
type2_55,book
type3_56,iphone
type1_57,macbook
type2_58,book
type3_59,iphone
type1_60,macbook
type2_61,book
type3_62,iphone
type1_63,macbook
type2_64,book
type3_65,iphone
type1_66,macbook
type2_67,book
type3_68,iphone
type1_69,macbook
type2_70,book
type3_71,iphone
type1_72,macbook
type2_73,book
type3_74,iphone
type1_75,macbook
type2_76,book
type3_77,iphone
type1_78,macbook
type2_79,book
type3_80,iphone
type1_81,macbook
type2_82,book
type3_83,iphone
type1_84,macbook
type2_85,book
type3_86,iphone
type1_87,macbook
type2_88,book
type3_89,iphone
type1_90,macbook
type2_91,book
type3_92,iphone
type1_93,macbook
type2_94,book
type3_95,iphone
type1_96,macbook
type2_97,book
type3_98,iphone
type1_99,macbook
type2_100,book
type3_101,iphone
type1_102,macbook
type2_103,book
type3_104,iphone
type1_105,macbook
type2_106,book
type3_107,iphone
type1_108,macbook
type2_109,book
type3_110,iphone
type1_111,macbook
type2_112,book
type3_113,iphone
type1_114,macbook
type2_115,book
type3_116,iphone
type1_117,macbook
type2_118,book
type3_119,iphone
type1_120,macbook
type2_121,book
type3_122,iphone
type1_123,macbook
type2_124,book
type3_125,iphone
type1_126,macbook
type2_127,book
type3_128,iphone
type1_129,macbook
type2_130,book
type3_131,iphone
type1_132,macbook
type2_133,book
type3_134,iphone
type1_135,macbook
type2_136,book
type3_137,iphone
type1_138,macbook
type2_139,book
type3_140,iphone
type1_141,macbook
type2_142,book
type3_143,iphone
type1_144,macbook
type2_145,book
type3_146,iphone
type1_147,macbook
type2_148,book
type3_149,iphone
type1_150,macbook
type2_151,book
type3_152,iphone
type1_153,macbook
type2_154,book
type3_155,iphone
type1_156,macbook
type2_157,book
type3_158,iphone
type1_159,macbook
type2_160,book
type3_161,iphone
type1_162,macbook
type2_163,book
type3_164,iphone
type1_165,macbook
type2_166,book
type3_167,iphone
type1_168,macbook
type2_169,book
type3_170,iphone
type1_171,macbook
type2_172,book
type3_173,iphone
type1_174,macbook
type2_175,book
type3_176,iphone
type1_177,macbook
type2_178,book
type3_179,iphone
type1_180,macbook
type2_181,book
type3_182,iphone
type1_183,macbook
type2_184,book
type3_185,iphone
type1_186,macbook
type2_187,book
type3_188,iphone
type1_189,macbook
type2_190,book
type3_191,iphone
type1_192,macbook
type2_193,book
type3_194,iphone
type1_195,macbook
type2_196,book
type3_197,iphone
type1_198,macbook
type2_199,book
type3_200,iphone
type1_201,macbook
type2_202,book
type3_203,iphone
type1_204,macbook
type2_205,book
type3_206,iphone
type1_207,macbook
type2_208,book
type3_209,iphone
type1_210,macbook
type2_211,book
type3_212,iphone
type1_213,macbook
type2_214,book
type3_215,iphone
type1_216,macbook
type2_217,book
type3_218,iphone
type1_219,macbook
type2_220,book
type3_221,iphone
type1_222,macbook
type2_223,book
type3_224,iphone
type1_225,macbook
type2_226,book
type3_227,iphone
type1_228,macbook
type2_229,book
type3_230,iphone
type1_231,macbook
type2_232,book
type3_233,iphone
type1_234,macbook
type2_235,book
type3_236,iphone
type1_237,macbook
type2_238,book
type3_239,iphone
type1_240,macbook
type2_241,book
type3_242,iphone
type1_243,macbook
type2_244,book
type3_245,iphone
type1_246,macbook
type2_247,book
type3_248,iphone
type1_249,macbook
type2_250,book
type3_251,iphone
type1_252,macbook
type2_253,book
type3_254,iphone
type1_255,macbook
type2_256,book
type3_257,iphone
type1_258,macbook
type2_259,book
type3_260,iphone
type1_261,macbook
type2_262,book
type3_263,iphone
type1_264,macbook
type2_265,book
type3_266,iphone
type1_267,macbook
type2_268,book
type3_269,iphone
type1_270,macbook
type2_271,book
type3_272,iphone
type1_273,macbook
type2_274,book
type3_275,iphone
type1_276,macbook
type2_277,book
type3_278,iphone
type1_279,macbook
type2_280,book
type3_281,iphone
type1_282,macbook
type2_283,book
type3_284,iphone
type1_285,macbook
type2_286,book
type3_287,iphone
type1_288,macbook
type2_289,book
type3_290,iphone
type1_291,macbook
type2_292,book
type3_293,iphone
type1_294,macbook
type2_295,book
type3_296,iphone
type1_297,macbook
type2_298,book
type3_299,iphone
type1_300,macbook
type2_301,book
type3_302,iphone
type1_303,macbook
type2_304,book
type3_305,iphone
type1_306,macbook
type2_307,book
type3_308,iphone
type1_309,macbook
type2_310,book
type3_311,iphone
type1_312,macbook
type2_313,book
type3_314,iphone
type1_315,macbook
type2_316,book
type3_317,iphone
type1_318,macbook
type2_319,book
type3_320,iphone
type1_321,macbook
type2_322,book
type3_323,iphone
type1_324,macbook
type2_325,book
type3_326,iphone
type1_327,macbook
type2_328,book
type3_329,iphone
type1_330,macbook
type2_331,book
type3_332,iphone
type1_333,macbook
type2_334,book
type3_335,iphone
type1_336,macbook
type2_337,book
type3_338,iphone
type1_339,macbook
type2_340,book
type3_341,iphone
type1_342,macbook
type2_343,book
type3_344,iphone
type1_345,macbook
type2_346,book
type3_347,iphone
type1_348,macbook
type2_349,book
type3_350,iphone
type1_351,macbook
type2_352,book
type3_353,iphone
type1_354,macbook
type2_355,book
type3_356,iphone
type1_357,macbook
type2_358,book
type3_359,iphone
type1_360,macbook
type2_361,book
type3_362,iphone
type1_363,macbook
type2_364,book
type3_365,iphone
type1_366,macbook
type2_367,book
type3_368,iphone
type1_369,macbook
type2_370,book
type3_371,iphone
type1_372,macbook
type2_373,book
type3_374,iphone
type1_375,macbook
type2_376,book
type3_377,iphone
type1_378,macbook
type2_379,book
type3_380,iphone
type1_381,macbook
type2_382,book
type3_383,iphone
type1_384,macbook
type2_385,book
type3_386,iphone
type1_387,macbook
type2_388,book
type3_389,iphone
type1_390,macbook
type2_391,book
type3_392,iphone
type1_393,macbook
type2_394,book
type3_395,iphone
type1_396,macbook
type2_397,book
type3_398,iphone
type1_399,macbook
type2_400,book
type3_401,iphone
type1_402,macbook
type2_403,book
type3_404,iphone
type1_405,macbook
type2_406,book
type3_407,iphone
type1_408,macbook
type2_409,book
type3_410,iphone
type1_411,macbook
type2_412,book
type3_413,iphone
type1_414,macbook
type2_415,book
type3_416,iphone
type1_417,macbook
type2_418,book
type3_419,iphone
type1_420,macbook
type2_421,book
type3_422,iphone
type1_423,macbook
type2_424,book
type3_425,iphone
type1_426,macbook
type2_427,book
type3_428,iphone
type1_429,macbook
type2_430,book
type3_431,iphone
type1_432,macbook
type2_433,book
type3_434,iphone
type1_435,macbook
type2_436,book
type3_437,iphone
type1_438,macbook
type2_439,book
type3_440,iphone
type1_441,macbook
type2_442,book
type3_443,iphone
type1_444,macbook
type2_445,book
type3_446,iphone
type1_447,macbook
type2_448,book
type3_449,iphone
type1_450,macbook
type2_451,book
type3_452,iphone
type1_453,macbook
type2_454,book
type3_455,iphone
type1_456,macbook
type2_457,book
type3_458,iphone
type1_459,macbook
type2_460,book
type3_461,iphone
type1_462,macbook
type2_463,book
type3_464,iphone
type1_465,macbook
type2_466,book
type3_467,iphone
type1_468,macbook
type2_469,book
type3_470,iphone
type1_471,macbook
type2_472,book
type3_473,iphone
type1_474,macbook
type2_475,book
type3_476,iphone
type1_477,macbook
type2_478,book
type3_479,iphone
type1_480,macbook
type2_481,book
type3_482,iphone
type1_483,macbook
type2_484,book
type3_485,iphone
type1_486,macbook
type2_487,book
type3_488,iphone
type1_489,macbook
type2_490,book
type3_491,iphone
type1_492,macbook
type2_493,book
type3_494,iphone
type1_495,macbook
type2_496,book
type3_497,iphone
type1_498,macbook
type2_499,book
type3_500,iphone
type1_501,macbook
type2_502,book
type3_503,iphone
type1_504,macbook
type2_505,book
type3_506,iphone
type1_507,macbook
type2_508,book
type3_509,iphone
type1_510,macbook
type2_511,book
type3_512,iphone
type1_513,macbook
type2_514,book
type3_515,iphone
type1_516,macbook
type2_517,book
type3_518,iphone
type1_519,macbook
type2_520,book
type3_521,iphone
type1_522,macbook
type2_523,book
type3_524,iphone
type1_525,macbook
type2_526,book
type3_527,iphone
type1_528,macbook
type2_529,book
type3_530,iphone
type1_531,macbook
type2_532,book
type3_533,iphone
type1_534,macbook
type2_535,book
type3_536,iphone
type1_537,macbook
type2_538,book
type3_539,iphone
type1_540,macbook
type2_541,book
type3_542,iphone
type1_543,macbook
type2_544,book
type3_545,iphone
type1_546,macbook
type2_547,book
type3_548,iphone
type1_549,macbook
type2_550,book
type3_551,iphone
type1_552,macbook
type2_553,book
type3_554,iphone
type1_555,macbook
type2_556,book
type3_557,iphone
type1_558,macbook
type2_559,book
type3_560,iphone
type1_561,macbook
type2_562,book
type3_563,iphone
type1_564,macbook
type2_565,book
type3_566,iphone
type1_567,macbook
type2_568,book
type3_569,iphone
type1_570,macbook
type2_571,book
type3_572,iphone
type1_573,macbook
type2_574,book
type3_575,iphone
type1_576,macbook
type2_577,book
type3_578,iphone
type1_579,macbook
type2_580,book
type3_581,iphone
type1_582,macbook
type2_583,book
type3_584,iphone
type1_585,macbook
type2_586,book
type3_587,iphone
type1_588,macbook
type2_589,book
type3_590,iphone
type1_591,macbook
type2_592,book
type3_593,iphone
type1_594,macbook
type2_595,book
type3_596,iphone
type1_597,macbook
type2_598,book
type3_599,iphone
type1_600,macbook
type2_601,book
type3_602,iphone
type1_603,macbook
type2_604,book
type3_605,iphone
type1_606,macbook
type2_607,book
type3_608,iphone
type1_609,macbook
type2_610,book
type3_611,iphone
type1_612,macbook
type2_613,book
type3_614,iphone
type1_615,macbook
type2_616,book
type3_617,iphone
type1_618,macbook
type2_619,book
type3_620,iphone
type1_621,macbook
type2_622,book
type3_623,iphone
type1_624,macbook
type2_625,book
type3_626,iphone
type1_627,macbook
type2_628,book
type3_629,iphone
type1_630,macbook
type2_631,book
type3_632,iphone
type1_633,macbook
type2_634,book
type3_635,iphone
type1_636,macbook
type2_637,book
type3_638,iphone
type1_639,macbook
type2_640,book
type3_641,iphone
type1_642,macbook
type2_643,book
type3_644,iphone
type1_645,macbook
type2_646,book
type3_647,iphone
type1_648,macbook
type2_649,book
type3_650,iphone
type1_651,macbook
type2_652,book
type3_653,iphone
type1_654,macbook
type2_655,book
type3_656,iphone
type1_657,macbook
type2_658,book
type3_659,iphone
type1_660,macbook
type2_661,book
type3_662,iphone
type1_663,macbook
type2_664,book
type3_665,iphone
type1_666,macbook
type2_667,book
type3_668,iphone
type1_669,macbook
type2_670,book
type3_671,iphone
type1_672,macbook
type2_673,book
type3_674,iphone
type1_675,macbook
type2_676,book
type3_677,iphone
type1_678,macbook
type2_679,book
type3_680,iphone
type1_681,macbook
type2_682,book
type3_683,iphone
type1_684,macbook
type2_685,book
type3_686,iphone
type1_687,macbook
type2_688,book
type3_689,iphone
type1_690,macbook
type2_691,book
type3_692,iphone
type1_693,macbook
type2_694,book
type3_695,iphone
type1_696,macbook
type2_697,book
type3_698,iphone
type1_699,macbook
type2_700,book
type3_701,iphone
type1_702,macbook
type2_703,book
type3_704,iphone
type1_705,macbook
type2_706,book
type3_707,iphone
type1_708,macbook
type2_709,book
type3_710,iphone
type1_711,macbook
type2_712,book
type3_713,iphone
type1_714,macbook
type2_715,book
type3_716,iphone
type1_717,macbook
type2_718,book
type3_719,iphone
type1_720,macbook
type2_721,book
type3_722,iphone
type1_723,macbook
type2_724,book
type3_725,iphone
type1_726,macbook
type2_727,book
type3_728,iphone
type1_729,macbook
type2_730,book
type3_731,iphone
type1_732,macbook
type2_733,book
type3_734,iphone
type1_735,macbook
type2_736,book
type3_737,iphone
type1_738,macbook
type2_739,book
type3_740,iphone
type1_741,macbook
type2_742,book
type3_743,iphone
type1_744,macbook
type2_745,book
type3_746,iphone
type1_747,macbook
type2_748,book
type3_749,iphone
type1_750,macbook
type2_751,book
type3_752,iphone
type1_753,macbook
type2_754,book
type3_755,iphone
type1_756,macbook
type2_757,book
type3_758,iphone
type1_759,macbook
type2_760,book
type3_761,iphone
type1_762,macbook
type2_763,book
type3_764,iphone
type1_765,macbook
type2_766,book
type3_767,iphone
type1_768,macbook
type2_769,book
type3_770,iphone
type1_771,macbook
type2_772,book
type3_773,iphone
type1_774,macbook
type2_775,book
type3_776,iphone
type1_777,macbook
type2_778,book
type3_779,iphone
type1_780,macbook
type2_781,book
type3_782,iphone
type1_783,macbook
type2_784,book
type3_785,iphone
type1_786,macbook
type2_787,book
type3_788,iphone
type1_789,macbook
type2_790,book
type3_791,iphone
type1_792,macbook
type2_793,book
type3_794,iphone
type1_795,macbook
type2_796,book
type3_797,iphone
type1_798,macbook
type2_799,book
type3_800,iphone
type1_801,macbook
type2_802,book
type3_803,iphone
type1_804,macbook
type2_805,book
type3_806,iphone
type1_807,macbook
type2_808,book
type3_809,iphone
type1_810,macbook
type2_811,book
type3_812,iphone
type1_813,macbook
type2_814,book
type3_815,iphone
type1_816,macbook
type2_817,book
type3_818,iphone
type1_819,macbook
type2_820,book
type3_821,iphone
type1_822,macbook
type2_823,book
type3_824,iphone
type1_825,macbook
type2_826,book
type3_827,iphone
type1_828,macbook
type2_829,book
type3_830,iphone
type1_831,macbook
type2_832,book
type3_833,iphone
type1_834,macbook
type2_835,book
type3_836,iphone
type1_837,macbook
type2_838,book
type3_839,iphone
type1_840,macbook
type2_841,book
type3_842,iphone
type1_843,macbook
type2_844,book
type3_845,iphone
type1_846,macbook
type2_847,book
type3_848,iphone
type1_849,macbook
type2_850,book
type3_851,iphone
type1_852,macbook
type2_853,book
type3_854,iphone
type1_855,macbook
type2_856,book
type3_857,iphone
type1_858,macbook
type2_859,book
type3_860,iphone
type1_861,macbook
type2_862,book
type3_863,iphone
type1_864,macbook
type2_865,book
type3_866,iphone
type1_867,macbook
type2_868,book
type3_869,iphone
type1_870,macbook
type2_871,book
type3_872,iphone
type1_873,macbook
type2_874,book
type3_875,iphone
type1_876,macbook
type2_877,book
type3_878,iphone
type1_879,macbook
type2_880,book
type3_881,iphone
type1_882,macbook
type2_883,book
type3_884,iphone
type1_885,macbook
type2_886,book
type3_887,iphone
type1_888,macbook
type2_889,book
type3_890,iphone
type1_891,macbook
type2_892,book
type3_893,iphone
type1_894,macbook
type2_895,book
type3_896,iphone
type1_897,macbook
type2_898,book
type3_899,iphone
type1_900,macbook
type2_901,book
type3_902,iphone
type1_903,macbook
type2_904,book
type3_905,iphone
type1_906,macbook
type2_907,book
type3_908,iphone
type1_909,macbook
type2_910,book
type3_911,iphone
type1_912,macbook
type2_913,book
type3_914,iphone
type1_915,macbook
type2_916,book
type3_917,iphone
type1_918,macbook
type2_919,book
type3_920,iphone
type1_921,macbook
type2_922,book
type3_923,iphone
type1_924,macbook
type2_925,book
type3_926,iphone
type1_927,macbook
type2_928,book
type3_929,iphone
type1_930,macbook
type2_931,book
type3_932,iphone
type1_933,macbook
type2_934,book
type3_935,iphone
type1_936,macbook
type2_937,book
type3_938,iphone
type1_939,macbook
type2_940,book
type3_941,iphone
type1_942,macbook
type2_943,book
type3_944,iphone
type1_945,macbook
type2_946,book
type3_947,iphone
type1_948,macbook
type2_949,book
type3_950,iphone
type1_951,macbook
type2_952,book
type3_953,iphone
type1_954,macbook
type2_955,book
type3_956,iphone
type1_957,macbook
type2_958,book
type3_959,iphone
type1_960,macbook
type2_961,book
type3_962,iphone
type1_963,macbook
type2_964,book
type3_965,iphone
type1_966,macbook
type2_967,book
type3_968,iphone
type1_969,macbook
type2_970,book
type3_971,iphone
type1_972,macbook
type2_973,book
type3_974,iphone
type1_975,macbook
type2_976,book
type3_977,iphone
type1_978,macbook
type2_979,book
type3_980,iphone
type1_981,macbook
type2_982,book
type3_983,iphone
type1_984,macbook
type2_985,book
type3_986,iphone
type1_987,macbook
type2_988,book
type3_989,iphone
type1_990,macbook
type2_991,book
type3_992,iphone
type1_993,macbook
type2_994,book
type3_995,iphone
type1_996,macbook
type2_997,book
type3_998,iphone
type1_999,macbook
